{
  "dataset_source": "cache",
  "model": "GaussianNB",
  "test_size": 0.2,
  "random_state": 42,
  "features_count": 30,
  "features": [
    "radius1",
    "texture1",
    "perimeter1",
    "area1",
    "smoothness1",
    "compactness1",
    "concavity1",
    "concave_points1",
    "symmetry1",
    "fractal_dimension1",
    "radius2",
    "texture2",
    "perimeter2",
    "area2",
    "smoothness2",
    "compactness2",
    "concavity2",
    "concave_points2",
    "symmetry2",
    "fractal_dimension2",
    "radius3",
    "texture3",
    "perimeter3",
    "area3",
    "smoothness3",
    "compactness3",
    "concavity3",
    "concave_points3",
    "symmetry3",
    "fractal_dimension3"
  ],
  "accuracy": 0.9210526315789473,
  "precision_macro": 0.9215384615384616,
  "recall_macro": 0.9077380952380952,
  "f1_macro": 0.9138321995464853,
  "classification_report": {
    "Tumor Benigno": {
      "precision": 0.92,
      "recall": 0.9583333333333334,
      "f1-score": 0.9387755102040817,
      "support": 72.0
    },
    "Tumor Maligno": {
      "precision": 0.9230769230769231,
      "recall": 0.8571428571428571,
      "f1-score": 0.8888888888888888,
      "support": 42.0
    },
    "accuracy": 0.9210526315789473,
    "macro avg": {
      "precision": 0.9215384615384616,
      "recall": 0.9077380952380952,
      "f1-score": 0.9138321995464853,
      "support": 114.0
    },
    "weighted avg": {
      "precision": 0.9211336032388665,
      "recall": 0.9210526315789473,
      "f1-score": 0.9203962286669054,
      "support": 114.0
    }
  },
  "confusion_matrix": {
    "previsto_Tumor Benigno": {
      "real_Tumor Benigno": 69,
      "real_Tumor Maligno": 6
    },
    "previsto_Tumor Maligno": {
      "real_Tumor Benigno": 3,
      "real_Tumor Maligno": 36
    }
  }
}